ülke;Material;Material Description;hebrew change;User Manual;Warranty Document;Packaging Label;RANGE _STÝKER (ÜRÜN ETÝKET);Energy Label;ýnsulatýn class;Gas Safety stiker;Importer stýcker;Rating Plate
DZ;BBH21630R;2in1 cordless handstick vacuum cleaner;;User Manual;Warranty document;;;;;;Importer stýcker;
DZ;BBH22451;2in1 cordless handstick vacuum cleaner;;;Warranty document;;;;;;Importer stýcker;
DZ;BCH65RT25K;Cordless handstick vacuum cleaner;;User Manual;Warranty document;;;;;;Importer stýcker;
DZ;BCH6ATH25;Cordless handstick vacuum cleaner;;;Warranty document;;;;;;Importer stýcker;
DZ;BFL524MB0;Built-in microwave oven;;;Warranty document;;;;;;Importer stýcker;
DZ;BGC1U1550;Vacuum cleaner;;;Warranty document;;;;;;Importer stýcker;
DZ;BGC1U1700;Vacuum cleaner;;;Warranty document;;;;;;Importer stýcker;
DZ;BGL3B110;Vacuum cleaner;;;Warranty document;;;;;;Importer stýcker;
DZ;BGL3B112;Vacuum cleaner;;;Warranty document;;;;;;Importer stýcker;
DZ;BGN21702;Bagless vacuum cleaner;;;Warranty document;;;;;;Importer stýcker;
DZ;BGS2UPWER1;Vacuum cleaner;;;Warranty document;;;;;;Importer stýcker;
DZ;BGS3U1800;Vacuum cleaner;;;Warranty document;;;;;;Importer stýcker;
DZ;BGS3U2000;Canister vacuum cleaner bagless;;;Warranty document;;;;;;Importer stýcker;
DZ;BGS412000;Vacuum cleaner;;;Warranty document;;;;;;Importer stýcker;
DZ;BGS4UGOLD2;Vacuum cleaner;;;Warranty document;;;;;;Importer stýcker;
DZ;BGS5335;Cordless handstick vacuum cleaner;;;Warranty document;;;;;;Importer stýcker;
DZ;BHN14090;Warming drawer;;;Warranty document;;;;;;Importer stýcker;
DZ;BIC630NS1;Built-in fully-automatic coffee machine;;;Warranty document;;;;;;Importer stýcker;
DZ;CTL636ES1;Slimline cooker hood;;User Manual;Warranty document;;;;;;Importer stýcker;
DZ;DFT63CA50Q;Slimline cooker hood;;;Warranty document;;;;;;Importer stýcker;
DZ;DFT63CA60Q;Built-under cooker hood;;;Warranty document;;;;;;Importer stýcker;
DZ;DHU632HQ;Built-under cooker hood;;;Warranty document;;;;;;Importer stýcker;
DZ;DHU636HQ;Built-under cooker hood;;;Warranty document;;;;;;Importer stýcker;
DZ;DHU665CQ;Wall hood;;;Warranty document;;;;;;Importer stýcker;
DZ;DWB66DM50;Wall hood;;;Warranty document;;;;;;Importer stýcker;
DZ;DWB94BC52;Flat hood;;;Warranty document;;;;;;Importer stýcker;
DZ;DWF97RU60;Inclined hood;;;Warranty document;;;;;;Importer stýcker;
DZ;DWK67HM60;Inclined hood;;;Warranty document;;;;;;Importer stýcker;
DZ;DWK97HM60;Oven;;;Warranty document;;;;;;Importer stýcker;
DZ;HBF113BA0Q;Oven;;;Warranty document;;;;;;Importer stýcker;
DZ;HBF113BR0Q;Oven;;;Warranty document;;;;;;Importer stýcker;
DZ;HBG635BS1;Oven;;;Warranty document;;;;;;Importer stýcker;
DZ;HBG636ES1;Oven;;;Warranty document;;;;;;Importer stýcker;
DZ;HBG636LB1;Oven;;;Warranty document;;;;;;Importer stýcker;
DZ;HBG655NB1;Oven;;User Manual;Warranty document;;;;;;Importer stýcker;
DZ;HBG675BS1;Oven;;User Manual;Warranty document;;;;;;Importer stýcker;
DZ;HBJ558YB0Q;Oven;;;Warranty document;;;;;;Importer stýcker;
DZ;HBJ558YS0Q;Oven;;;Warranty document;;;;;;Importer stýcker;
DZ;HBN211E4;Oven;;;Warranty document;;;;;;Importer stýcker;
DZ;HBN301E2Q;Oven;;;Warranty document;;;;;;Importer stýcker;
DZ;HBN301E6T;Microwave;;;Warranty document;;;;;;Importer stýcker;
DZ;HMT72G420;Free-standing refrigerator;;;Warranty document;;;;;;Importer stýcker;
DZ;KDD75VI208;Free-standing fridge-freezer;;;Warranty document;;;;;;Importer stýcker;
DZ;KDN46VL20U;Free-standing refrigerator;;;Warranty document;;;;;;Importer stýcker;
DZ;KDN65VI208;Free-standing fridge-freezer;;;Warranty document;;;;;;Importer stýcker;
DZ;KGN36NL30U;Free-standing fridge-freezer;;;Warranty document;;;;;;Importer stýcker;
DZ;KGN56LB30U;Free-standing fridge-freezer;;;Warranty document;;;Energy Label;;;Importer stýcker;
DZ;KGN56VI30U;Free-standing fridge-freezer;;;Warranty document;;;;;;Importer stýcker;
DZ;KGN57VI22N;Free-standing fridge-freezer;;;Warranty document;;;;;;Importer stýcker;
DZ;KGN86AI30U;Built-in fridge-freezer combination;;;Warranty document;;;Energy Label;;;Importer stýcker;
DZ;KIS87AF30N;Compact food processor;;;Warranty document;;;;;;Importer stýcker;
DZ;MCM3200W;Compact food processor;;;Warranty document;;;;;;Importer stýcker;
DZ;MCM3201B;Compact food processor;;;Warranty document;;;;;;Importer stýcker;
DZ;MCM3501M;Food processors;;;Warranty document;;;;;;Importer stýcker;
DZ;MCM62020;Food processors;;;Warranty document;;;;;;Importer stýcker;
DZ;MCM64060;Food processors;;;Warranty document;;;;;;Importer stýcker;
DZ;MCM68885;Citrus press;;;Warranty document;;;;;;Importer stýcker;
DZ;MCP3500;Citrus press;;;Warranty document;;;;;;Importer stýcker;
DZ;MCP3500N;Citrus press;;;Warranty document;;;;;;Importer stýcker;
DZ;MCP72GPB;Juice extractor;;;Warranty document;;;;;;Importer stýcker;
DZ;MES25A0;Juice extractor;;;Warranty document;;;;;;Importer stýcker;
DZ;MES25G0;Juice extractor;;;Warranty document;;;;;;Importer stýcker;
DZ;MES3500;Juice extractor;;;Warranty document;;;;;;Importer stýcker;
DZ;MES4000;Slow Juicer;;;Warranty document;;;;;;Importer stýcker;
DZ;MESM731M;Hand mixer;;;Warranty document;;;;;;Importer stýcker;
DZ;MFQ2210D;Hand mixer;required;;Warranty document;;;;;;Importer stýcker;
DZ;MFQ2210K;Hand mixer;required;;Warranty document;;;;;;Importer stýcker;
DZ;MFQ2210P;Hand mixer;required;;Warranty document;;;;;;Importer stýcker;
DZ;MFQ3010;Hand mixer;required;;Warranty document;;;;;;Importer stýcker;
DZ;MFQ3540;Hand mixer;required;;Warranty document;;;;;;Importer stýcker;
DZ;MFQ36460;Hand mixer;required;;Warranty document;;;;;;Importer stýcker;
DZ;MFQ40302;Hand mixer;required;;Warranty document;;;;;;Importer stýcker;
DZ;MFQ40304;Meat mincer;required;;Warranty document;;;;;;Importer stýcker;
DZ;MFW3612A;Meat mincer;;;Warranty document;;;;;;Importer stýcker;
DZ;MFW3630I;Meat mincer;;;Warranty document;;;;;;Importer stýcker;
DZ;MFW45020;Meat mincer;;;Warranty document;;;;;;Importer stýcker;
DZ;MFW66020;Meat mincer;;;Warranty document;;;;;;Importer stýcker;
DZ;MFW67440;Stirring machine;;;Warranty document;;;;;;Importer stýcker;
DZ;MMB21P0R;Stirring machine;;;Warranty document;;;;;;Importer stýcker;
DZ;MMB42G0B;Stirring machine;;;Warranty document;;;;;;Importer stýcker;
DZ;MMB65G5M;Universal processor;;;Warranty document;;;;;;Importer stýcker;
DZ;MMR08A1;Universal processor;;;Warranty document;;;;;;Importer stýcker;
DZ;MMR08R2;Universal glass processor;;;Warranty document;;;;;;Importer stýcker;
DZ;MMR15A1;Blender rod, CleverMixx Baby, 400W;;;Warranty document;;;;;;Importer stýcker;
DZ;MSM2413V;Blender rod set CleverMixx;;;Warranty document;;;;;;Importer stýcker;
DZ;MSM24500;Hand blender CleverMixx 600W;;;Warranty document;;;;;;Importer stýcker;
DZ;MSM2623G;Blender rod;;;Warranty document;;;;;;Importer stýcker;
DZ;MSM64010;Blender rod;required;;Warranty document;;;;;;Importer stýcker;
DZ;MSM64110;Blender rod;required;;Warranty document;;;;;;Importer stýcker;
DZ;MSM66020;Hand blender yellow/white;;;Warranty document;;;;;;Importer stýcker;
DZ;MSM66110Y;Blender rod;required;;Warranty document;;;;;;Importer stýcker;
DZ;MSM66155;Blender rod set;;;Warranty document;;;;;;Importer stýcker;
DZ;MSM67140;Blender rod;;;Warranty document;;;;;;Importer stýcker;
DZ;MSM67170;Hand blender;required;User Manual;Warranty document;;;;;;Importer stýcker;
DZ;MSM6B150;Blender rod;;;Warranty document;;;;;;Importer stýcker;
DZ;MSM87110;Blender rod;required;;Warranty document;;;;;;Importer stýcker;
DZ;MSM87160;Kitchen Machine;required;;Warranty document;;;;;;Importer stýcker;
DZ;MUM4427;Kitchen Machine;;;Warranty document;;;;;;Importer stýcker;
DZ;MUM4655EU;Kitchen Machine;;;Warranty document;;;;;;Importer stýcker;
DZ;MUM4880;Kitchen Machine;;;Warranty document;;;;;;Importer stýcker;
DZ;MUM48A1;Kitchen Machine;;;Warranty document;;;;;;Importer stýcker;
DZ;MUM48R1;Kitchen Machine;;;Warranty document;;;;;;Importer stýcker;
DZ;MUM57B22;Kitchen Machine;;;Warranty document;;;;;;Importer stýcker;
DZ;MUM58020;Kitchen Machine;;;Warranty document;;;;;;Importer stýcker;
DZ;MUM58420;Kitchen Machine;;;Warranty document;;;;;;Importer stýcker;
DZ;MUM6N11;Kitchen Machine;;;Warranty document;;;;;;Importer stýcker;
DZ;MUM6N21;Kitchen Machine;;;Warranty document;;;;;;Importer stýcker;
DZ;MUM9Y43S00;Kitchen Machine;;;Warranty document;;;;;;Importer stýcker;
DZ;MUM9YX5S12;Gas hob with integrated controls;;;Warranty document;;;;;;Importer stýcker;
DZ;PBP6C2B80O;Gas hob with integrated controls;;;Warranty document;;;;;;Importer stýcker;
DZ;PBP6C5B60Q;Gas hob with integrated controls;;;Warranty document;;;;required;required;Importer stýcker;
DZ;PBP6C5B80O;Gas hob with integrated controls;;;Warranty document;;;;;;Importer stýcker;
DZ;PBP6C6B80Q;Gas hob, autarkic;;;Warranty document;;;;required;required;Importer stýcker;
DZ;PCP6A5B90M;Gas hob, autarkic;;;Warranty document;;;;required;required;Importer stýcker;
DZ;PCQ7A5M90;Gas hob, autarkic;;User Manual;Warranty document;;;;required;required;Importer stýcker;
DZ;PCR9A5B90;Sealed plate, autarkic;;;Warranty document;;;;required;required;Importer stýcker;
DZ;PEE689CA1;Electric hob, autarkic;;;Warranty document;;;;;;Importer stýcker;
DZ;PKE611D17E;Domino Electric hob, autarkic;;;Warranty document;;;;;;Importer stýcker;
DZ;PKF375CA1E;Electric hob, autarkic;;;Warranty document;;;;;;Importer stýcker;
DZ;PKN811FP1E;Gas hob, autarkic;;;Warranty document;;;;;;Importer stýcker;
DZ;PPH6A6B20;Gas hob, autarkic;;User Manual;Warranty document;;;;required;required;Importer stýcker;
DZ;PPQ7A6B20;Domino Wok (Gas hob), autarkic;;User Manual;Warranty document;;;;required;required;Importer stýcker;
DZ;PRA3A6D70;Domino Gas hob, autarkic;;User Manual;Warranty document;;;;required;required;Importer stýcker;
DZ;PRB3A6D70;Gas hob, autarkic;;User Manual;Warranty document;;;;required;required;Importer stýcker;
DZ;PRP6A6D70;Gas hob, autarkic;;;Warranty document;;;;required;required;Importer stýcker;
DZ;PRS9A6D70;Induction hob, autarkic;;User Manual;Warranty document;;;;required;required;Importer stýcker;
DZ;PUE611BB1E;Domino Induction hob, autarkic;;;Warranty document;;;;;;Importer stýcker;
DZ;PXX375FB1E;Dishwasher integrated stainless steel;;;Warranty document;;;;;;Importer stýcker;
DZ;SMI50D05TR;Free-standing dishwasher 60 cm black;;;Warranty document;;;;;;Importer stýcker;
DZ;SMS25AB00G;Free-standing dishwasher Silver Inox;;;Warranty document;;;;;;Importer stýcker;
DZ;SMS40D18EU;Free-standing dishwasher Silver Inox;;;Warranty document;;;;;;Importer stýcker;
DZ;SMS53L08ME;Dishwasher fully integrated 60cm;;;Warranty document;;;;;;Importer stýcker;
DZ;SMV41D10EU;Long-slot toaster;;;Warranty document;;;;;;Importer stýcker;
DZ;TAT3A001;Long-slot toaster;;;Warranty document;;;;;;Importer stýcker;
DZ;TAT3A004;Compact toaster;;;Warranty document;;;;;;Importer stýcker;
DZ;TAT3A011;Compact toaster;;;Warranty document;;;;;;Importer stýcker;
DZ;TAT3A014;Long-slot toaster;;;Warranty document;;;;;;Importer stýcker;
DZ;TAT6A003;Long-slot toaster;;;Warranty document;;;;;;Importer stýcker;
DZ;TAT6A004;Compact toaster;;;Warranty document;;;;;;Importer stýcker;
DZ;TAT6A111;Compact toaster;;;Warranty document;;;;;;Importer stýcker;
DZ;TAT6A113;Compact toaster;;;Warranty document;;;;;;Importer stýcker;
DZ;TAT6A114;Compact toaster;;;Warranty document;;;;;;Importer stýcker;
DZ;TAT6A913;Compact toaster;;;Warranty document;;;;;;Importer stýcker;
DZ;TAT8611;Compact toaster;;;Warranty document;;;;;;Importer stýcker;
DZ;TAT8613;steam iron;;;Warranty document;;;;;;Importer stýcker;
DZ;TDA3024010;steam iron;;;Warranty document;;;;;;Importer stýcker;
DZ;TDA3024030;active-ironing board;;;Warranty document;;;;;;Importer stýcker;
DZ;TDN1700P;Steam station;;;Warranty document;;;;;;Importer stýcker;
DZ;TDS4050;Steam station;;;Warranty document;;;;;;Importer stýcker;
DZ;TDS8080;Contact grill;;;Warranty document;;;;;;Importer stýcker;
DZ;TFB4402V;Contact grill;;;Warranty document;;;;;;Importer stýcker;
DZ;TFB4431V;Fully automatic coffee machine;;;Warranty document;;;;;;Importer stýcker;
DZ;TIS30129RW;Fully automatic coffee machine;;;Warranty document;;;;;;Importer stýcker;
DZ;TIS30321RW;Filter coffee machine;;;Warranty document;;;;;;Importer stýcker;
DZ;TKA3A031;Filter coffee machine;;;Warranty document;;;;;;Importer stýcker;
DZ;TKA3A034;Filter coffee machine;;;Warranty document;;;;;;Importer stýcker;
DZ;TKA6A041;Filter coffee machine;;;Warranty document;;;;;;Importer stýcker;
DZ;TKA6A043;Filter coffee machine;;;Warranty document;;;;;;Importer stýcker;
DZ;TKA6A044;Filter coffee machine;;;Warranty document;;;;;;Importer stýcker;
DZ;TKA8011;Filter coffee machine;;;Warranty document;;;;;;Importer stýcker;
DZ;TKA8013;Coffee grinder;;;Warranty document;;;;;;Importer stýcker;
DZ;TSM6A011W;Coffee grinder;;;Warranty document;;;;;;Importer stýcker;
DZ;TSM6A013B;Tea Maker;;;Warranty document;;;;;;Importer stýcker;
DZ;TTA2010;kettle cordless;;;Warranty document;;;;;;Importer stýcker;
DZ;TWK1201N;kettle cordless;;;Warranty document;;;;;;Importer stýcker;
DZ;TWK6A011;kettle cordless;;;Warranty document;;;;;;Importer stýcker;
DZ;TWK6A013;kettle cordless;;;Warranty document;;;;;;Importer stýcker;
DZ;TWK6A014;kettle cordless;;;Warranty document;;;;;;Importer stýcker;
DZ;TWK7801;kettle cordless;;;Warranty document;;;;;;Importer stýcker;
DZ;TWK7804;kettle cordless;;;Warranty document;;;;;;Importer stýcker;
DZ;TWK7808;kettle cordless;;;Warranty document;;;;;;Importer stýcker;
DZ;TWK7901;kettle cordless;;User Manual;Warranty document;;;;;;Importer stýcker;
DZ;TWK8611P;kettle cordless;;;Warranty document;;;;;;Importer stýcker;
DZ;TWK8613P;90 cm built-in gas oven;;;Warranty document;;;;;;Importer stýcker;
DZ;VGD553FB0;90 cm built-in gas oven;;;Warranty document;;;;;;Importer stýcker;
DZ;WAK20200EG;Washing machine;;;Warranty document;;;;;;Importer stýcker;
DZ;WAK2022SEG;Washing machine;;;Warranty document;;;;;;Importer stýcker;
DZ;WAK24260EG;Washing machine;;;Warranty document;;;;;;Importer stýcker;
DZ;WAK2428SEG;Washing machine;;;Warranty document;;;;;;Importer stýcker;
DZ;WAT2848SEG;Washing machine;;;Warranty document;;;;;;Importer stýcker;
DZ;WOA165X0EG;Washing machine;;;Warranty document;;;;;;Importer stýcker;
DZ;WOE131S0EG;Washing machine;;;Warranty document;;;;;;Importer stýcker;
DZ;WOE131W0EG;Built-under cooker hood;;;Warranty document;;;;;;Importer stýcker;
EG;DHU662BQ;Built-under cooker hood;;;;;;;0;0;Importer stýcker on package;
EG;DHU665CQ;Chimney hood;;;;;;;0;0;Importer stýcker on package;
EG;DWG66CD50Z;Chimney hood;;;;;;;0;0;Importer stýcker on package;
EG;DWP64CC50Z;Chimney hood;;;;;;;0;0;Importer stýcker on package;
EG;DWP64CC60Z;Free-standing upright freezer;;;;;;;0;0;Importer stýcker on package;
EG;GSV33VI3E8;Oven;;;;;;Energy Label on package and appliance;required on package and appliance;required on package and appliance;Importer stýcker on package;
EG;HBJ558YB0Q;Oven;;User Manual;;;;Energy Label on package and appliance;required on package and appliance;0;Importer stýcker on package;RATING PLATE RE-WORK
EG;HBJ558YS0Q;Oven;;User Manual;;;;Energy Label on package and appliance;required on package and appliance;0;Importer stýcker on package;RATING PLATE RE-WORK
EG;HBN211E4;Oven;;User Manual;;;;Energy Label on package and appliance;required on package and appliance;0;Importer stýcker on package;RATING PLATE RE-WORK
EG;HBN301E2Q;Oven;;;;;;Energy Label on package and appliance;required on package and appliance;0;Importer stýcker on package;RATING PLATE RE-WORK
EG;HBN301E6T;Gas freestanding cooker;;User Manual;;;;Energy Label on package and appliance;required on package and appliance;0;Importer stýcker on package;RATING PLATE RE-WORK
EG;HGA128L50S;Gas freestanding cooker;;;;;;;0;required on package and appliance;Importer stýcker on package;
EG;HGL128I60R;Free-standing fridge-freezer;;;;;;;0;required on package and appliance;Importer stýcker on package;
EG;KDN42VL2E8;Free-standing fridge-freezer;;;;;;Energy Label on package and appliance;required on package and appliance;required on package and appliance;Importer stýcker on package;
EG;KDN46VL2E8;Free-standing fridge-freezer;;;;;;Energy Label on package and appliance;required on package and appliance;required on package and appliance;Importer stýcker on package;
EG;KDN53VL2E8;Free-standing fridge-freezer;;;;;;Energy Label on package and appliance;required on package and appliance;required on package and appliance;Importer stýcker on package;
EG;KDN56AL2E8;Free-standing fridge-freezer;;;;;;Energy Label on package and appliance;required on package and appliance;required on package and appliance;Importer stýcker on package;
EG;KGD56VL30U;Free-standing fridge-freezer;;;;;;Energy Label on package and appliance;required on package and appliance;required on package and appliance;Importer stýcker on package;
EG;KGD76AL30U;Free-standing fridge-freezer;;;;;;Energy Label on package and appliance;required on package and appliance;required on package and appliance;Importer stýcker on package;
EG;KGD86AL30U;Free-standing fridge-freezer;;;;;;Energy Label on package and appliance;required on package and appliance;required on package and appliance;Importer stýcker on package;
EG;KGN36NL30U;Free-standing fridge-freezer;;;;;;Energy Label on package and appliance;required on package and appliance;required on package and appliance;Importer stýcker on package;
EG;KGN36NL3E8;Free-standing fridge-freezer;;;;;;Energy Label on package and appliance;required on package and appliance;required on package and appliance;Importer stýcker on package;
EG;KGN46XL3E8;Free-standing fridge-freezer;;;;;;Energy Label on package and appliance;required on package and appliance;required on package and appliance;Importer stýcker on package;
EG;KGN56LB3E8;Free-standing fridge-freezer;;;;;;Energy Label on package and appliance;required on package and appliance;required on package and appliance;Importer stýcker on package;
EG;KGN56VI3E8;Free-standing fridge-freezer;;;;;;Energy Label on package and appliance;required on package and appliance;required on package and appliance;Importer stýcker on package;
EG;KGN57VI2E8;Free-standing fridge-freezer;;;;;;Energy Label on package and appliance;required on package and appliance;required on package and appliance;Importer stýcker on package;
EG;KGN76AI30U;Free-standing fridge-freezer;;;;;;Energy Label on package and appliance;required on package and appliance;required on package and appliance;Importer stýcker on package;
EG;KGN86AI3E8;Gas hob with integrated controls;;;;;;;0;required on package and appliance;Importer stýcker on package;
EG;PBP6C2B80O;Gas hob with integrated controls;;;;;;;0;required on package and appliance;Importer stýcker on package;RATING PLATE RE-WORK
EG;PBP6C5B60Q;Gas hob with integrated controls;;;;;;;0;required on package and appliance;Importer stýcker on package;RATING PLATE RE-WORK
EG;PBP6C5B80O;Gas hob with integrated controls;;;;;;;0;required on package and appliance;Importer stýcker on package;RATING PLATE RE-WORK
EG;PBP6C6B80Q;Electric hob, autarkic;;User Manual;;;;;0;;Importer stýcker on package;RATING PLATE RE-WORK
EG;PKE611D17E;Dishwasher integrated stainless steel;;;;;;Energy Label on package and appliance;required on package and appliance;;Importer stýcker on package;RATING PLATE RE-WORK
EG;SMI50D05TR;Free-standing dishwasher 60cm alu silver;;;;;;Energy Label on package and appliance;required on package and appliance;;Importer stýcker on package;
EG;SMS23DA00T;Free-standing dishwasher 60 cm black;;User Manual;;;;Energy Label on package and appliance;required on package and appliance;;Importer stýcker on package;
EG;SMS25AB00G;Free-standing dishwasher Silver Inox;;User Manual;;;;Energy Label on package and appliance;required on package and appliance;;Importer stýcker on package;
EG;SMS40D18EU;Free-standing dishwasher 60 cm white;;User Manual;;;;Energy Label on package and appliance;required on package and appliance;;Importer stýcker on package;
EG;SMS40E32EU;Free-standing dishwasher Silver Inox;;User Manual;;;;Energy Label on package and appliance;required on package and appliance;;Importer stýcker on package;
EG;SMS44DI00T;Free-standing dishwasher Silver Inox;;User Manual;;;;Energy Label on package and appliance;required on package and appliance;;Importer stýcker on package;
EG;SMS45JI00T;Free-standing dishwasher silver-inox;;User Manual;;;;Energy Label on package and appliance;required on package and appliance;;Importer stýcker on package;
EG;SMS67NI01T;Free-standing dishwasher Silver Inox;;User Manual;;;;Energy Label on package and appliance;required on package and appliance;;Importer stýcker on package;
EG;SMS68L28TR;Dishwasher fully integrated 60cm;;User Manual;;;;Energy Label on package and appliance;required on package and appliance;;Importer stýcker on package;
EG;SMV41D10EU;Washing machine;;User Manual;;;;Energy Label on package and appliance;required on package and appliance;;Importer stýcker on package;
EG;WAJ2017SEG;Washing machine;;;;;;Energy Label on package and appliance;required on package and appliance;;Importer stýcker on package;
EG;WAJ20180EG;Washing machine;;;;;;Energy Label on package and appliance;required on package and appliance;;Importer stýcker on package;
EG;WAJ2018SEG;Washing machine;;;;;;Energy Label on package and appliance;required on package and appliance;;Importer stýcker on package;
EG;WAK20200EG;Washing machine;;;;;;Energy Label on package and appliance;required on package and appliance;;Importer stýcker on package;
EG;WAK2022SEG;Washing machine;;;;;;Energy Label on package and appliance;required on package and appliance;;Importer stýcker on package;
EG;WAK24260EG;Washing machine;;;;;;Energy Label on package and appliance;required on package and appliance;;Importer stýcker on package;
EG;WAK2428SEG;Washing machine;;;;;;Energy Label on package and appliance;required on package and appliance;;Importer stýcker on package;
EG;WAT2848SEG;Free-standing upright freezer;;;;;;Energy Label on package and appliance;required on package and appliance;;Importer stýcker on package;
UZ;BBH21630R;2in1 cordless handstick vacuum cleaner;;;;;;;;;;
UZ;BBHL21841;Cordless handstick vacuum cleaner;;;;;;;;;;
UZ;BBHMOVE6N;Cordless handstick vacuum cleaner;;;;;;;;;;
UZ;BCH65RT25K;Cordless handstick vacuum cleaner;;;;;;;;;;
UZ;BCH6ATH25;Aspirator vertical cu acumulatori;;;;;;;;;;
UZ;BCS1ULTD;Built-in microwave;;;;;;;;;;
UZ;BEL634GS1;Built-in microwave oven;;User manual;;packaging label;;enerji label;;;;
UZ;BFL524MB0;Built-in microwave oven;;User manual;;packaging label;;enerji label;;;;
UZ;BFL524MS0;Built-in microwave oven;;User manual;;packaging label;;enerji label;;;;
UZ;BFL524MW0;Built-in microwave;;;;;;;;;;
UZ;BFL634GB1;Vacuum cleaner;;User manual;;packaging label;;enerji label;;;;
UZ;BGC05AAA1;Vacuum cleaner;;;;;;;;;;
UZ;BGC05AAA2;Vacuum cleaner;;;;;;;;;;
UZ;BGC1U1550;Vacuum cleaner;;;;;;;;;;
UZ;BGC1U1700;Vacuum cleaner;;;;;;;;;;
UZ;BGL35MOV24;Vacuum cleaner;;;;;;;;;;
UZ;BGN22200;Vacuum cleaner;;;;;;;;;;
UZ;BGS05A220;Vacuum cleaner;;User manual;;packaging label;;;;;;
UZ;BGS05A222;Vacuum cleaner;;User manual;;packaging label;;;;;;
UZ;BGS2UPWER1;Vacuum cleaner;;User manual;;packaging label;;;;;;
UZ;BGS3U1800;Vacuum cleaner;;;;;;;;;;
UZ;BGS3U2000;Vacuum cleaner;;;;;;;;;;
UZ;BGS4GOLD;Vacuum cleaner;;;;;;;;;;
UZ;BGS5335;Vacuum cleaner;;;;;;;;;;
UZ;BGS5ALL1;Vacuum cleaner;;User manual;;packaging label;;enerji label;;;;
UZ;BGS5PWER;Vacuum cleaner;;;;;;;;;;
UZ;BGS5SIL66B;Warming drawer;;User manual;;packaging label;;;;;;
UZ;BIC630NS1;Wet&dry vacuum cleaner;;;;;;;;;;
UZ;BWD420HYG;Built-in fully-automatic coffee machine;;User manual;;packaging label;;;;;;
UZ;CTL636ES1;Slimline cooker hood;;;;;;;;;;
UZ;DFT63CA20Q;Slimline cooker hood;;;;;;;;;;
UZ;DFT63CA50Q;Slimline cooker hood;;;;;;;;;;
UZ;DFT63CA60Q;Built-under cooker hood;;;;;;;;;;
UZ;DHU665CQ;Chimney hood;;;;;;;;;;
UZ;DWA06E652;Chimney hood;;;;;;;;;;
UZ;DWA06E662;Wall hood;;;;;;;;;;
UZ;DWB64BC52;Wall hood;;;;;;;;;;
UZ;DWB66DM50;Wall hood;;;;;;;;;;
UZ;DWB66IM50;Wall hood;;;;;;;;;;
UZ;DWB67FM50;Wall hood;;;;;;;;;;
UZ;DWB94BC52;Wall hood;;;;;;;;;;
UZ;DWB96DM50;Wall hood;;;;;;;;;;
UZ;DWB96IM50;Flat hood;;;;;;;;;;
UZ;DWF97MP70;Inclined hood;;;;;;;;;;
UZ;DWK065G60T;Inclined hood;;;;;;;;;;
UZ;DWK095G60T;Inclined hood;;;;;;;;;;
UZ;DWK97HM60;Chimney hood;;;;;;;;;;
UZ;DWP64CC20T;Chimney hood;;;;;;;;;;
UZ;DWP64CC50Q;Chimney hood;;;;;;;;;;
UZ;DWP64CC50T;Chimney hood;;;;;;;;;;
UZ;DWP64CC60T;Chimney hood;;;;;;;;;;
UZ;DWP94CC50T;Free-standing upright freezer;;;;;;;;;;
UZ;GSN36AI31U;Freezer Cabinet;;;;;;;;;;
UZ;GSN36VB304;Free-standing upright freezer;;;;;;;;;;
UZ;GSV24VW304;Free-standing upright freezer;;;;;;;;;;
UZ;GSV33VW304;Oven;;;;;;;;;;
UZ;HBF113BA0Q;Oven;;;;;;;;;;
UZ;HBF113BR0Q;Oven;;;;;;;;;;
UZ;HBF113BV0Q;Oven;;;;;;;;;;
UZ;HBF534EB0Q;Oven;;;;;;;;;;
UZ;HBF534ES0Q;Oven;;;;;;;;;;
UZ;HBG635BS1;Oven;;;;;;;;;;
UZ;HBG636ES1;Oven;;;;;;;;;;
UZ;HBG636LB1;Oven;;;;;;;;;;
UZ;HBG655NB1;Oven;;;;;;;;;;
UZ;HBG675BS1;Oven;;;;;;;;;;
UZ;HBJ558YB0Q;Oven;;;;;;;;;;
UZ;HBJ558YS0Q;Oven;;;;;;;;;;
UZ;HBJ558YW0Q;Oven;;;;;;;;;;
UZ;HBN301E2Q;Oven;;;;;;;;;;
UZ;HBN301E6T;Gas freestanding cooker;;;;;;;;;;
UZ;HGA24W225Q;Gas freestanding cooker;;;;;;;;;;
UZ;HGA24W255Q;Gas freestanding cooker;;;;;;;;;;
UZ;HGB330E20Q;Gas freestanding cooker;;;;;;;;;;
UZ;HGB330E50Q;Electric free-standing cooker;;;;;;;;;;
UZ;HKQ38A120Q;Oven with microwave;;;;;;;;;;
UZ;HMG636BS1;Microwave;;User manual;;packaging label;;enerji label;;;;
UZ;HMT72G420;Microwave;;User manual;;packaging label;;enerji label;;;;
UZ;HMT84G451;Gas range cooker;;User manual;;packaging label;;enerji label;;;;
UZ;HSB738257M;Gas range cooker;;;;;;;;;;
UZ;HSG738257M;Gas combination freestanding cooker;;;;;;;;;;
UZ;HXC39AE50Q;Gas combination freestanding cooker;;;;;;;;;;
UZ;HXS59AI20Q;Side-by-side fridge-freezer;;;;;;;;;;
UZ;KAD90VB204;Side-by-side fridge-freezer;;;;;;;;;;
UZ;KAG90AI20N;Free-standing fridge-freezer;;User manual;;packaging label;;;;;;
UZ;KDD56PW304;Free-standing fridge-freezer;;;;;;;;;;
UZ;KDD56VW204;Free-standing fridge-freezer;;;;;;;;;;
UZ;KDN46NW21U;Free-standing fridge-freezer;;;;;;;;;;
UZ;KDN46VL20U;Free-standing fridge-freezer;;;;;;;;;;
UZ;KDN53NW204;Free-standing fridge-freezer;;;;;;;;;;
UZ;KGD76AW304;Free-standing fridge-freezer;;;;;;;;;;
UZ;KGE58DL30U;Free-standing fridge-freezer;;;;;;;;;;
UZ;KGN36NL30U;Free-standing fridge-freezer;;;;;;;;;;
UZ;KGN36XW30U;Free-standing fridge-freezer;;;;;;;;;;
UZ;KGN39LB35U;Free-standing fridge-freezer;;;;;;;;;;
UZ;KGN49LB30U;Free-standing fridge-freezer;;;;;;;;;;
UZ;KGN49XI30U;Free-standing fridge-freezer;;;;;;;;;;
UZ;KGN49XL30U;Free-standing fridge-freezer;;;;;;;;;;
UZ;KGN49XW30U;Free-standing fridge-freezer;;;;;;;;;;
UZ;KGN56LB304;Free-standing fridge-freezer;;;;;;;;;;
UZ;KGN56LB30U;Free-standing fridge-freezer;;;;;;;;;;
UZ;KGN56LB314;Free-standing fridge-freezer;;;;;;;;;;
UZ;KGN56LW304;Free-standing fridge-freezer;;;;;;;;;;
UZ;KGN56LW30U;Free-standing fridge-freezer;;;;;;;;;;
UZ;KGN56LW314;Free-standing fridge-freezer;;;;;;;;;;
UZ;KGN56VI30U;Free-standing fridge-freezer;;;;;;;;;;
UZ;KGN56VL304;Free-standing fridge-freezer;;;;;;;;;;
UZ;KGN56VW30U;Free-standing fridge-freezer;;;;;;;;;;
UZ;KGN57NL204;Free-standing fridge-freezer;;;;;;;;;;
UZ;KGN57NW204;Free-standing fridge-freezer;;;;;;;;;;
UZ;KGN76AI304;Free-standing fridge-freezer;;;;;;;;;;
UZ;KGN76AI30U;Free-standing fridge-freezer;;;;;;;;;;
UZ;KGN76AW304;Free-standing fridge-freezer;;;;;;;;;;
UZ;KGN86AI30U;Free-standing fridge-freezer;;;;;;;;;;
UZ;KGN86AW30U;Free-standing fridge-freezer;;;;;;;;;;
UZ;KGV36VW32;Free-standing fridge-freezer;;User manual;;packaging label;;;;;;
UZ;KGW36VL304;Built-in fridge-freezer combination;;;;;;;;;;
UZ;KIS87AF30N;Free-standing refrigerator;;User manual;;packaging label;;;;;;
UZ;KSV36AI31U;Free-standing refrigerator;;;;;;;;;;
UZ;KSV36VB304;Built-under larder fridge;;;;;;;;;;
UZ;KUR15A50NE;Compact food processor;;User manual;;packaging label;;;;;;
UZ;MCM3501M;Citrus press;;User manual;;packaging label;;;;;;
UZ;MCP3500;Citrus press;;;;;;;;;;
UZ;MCP3500N;Juice extractor;;User manual;;packaging label;;;;;;
UZ;MES25A0;Juice extractor;;User manual;;packaging label;;;;;;
UZ;MES25G0;Juice extractor;;User manual;;packaging label;;;;;;
UZ;MES3500;Juice extractor;;User manual;;packaging label;;;;;;
UZ;MES4000;Juice extractor;;User manual;;packaging label;;;;;;
UZ;MES4010;Hand mixer;;User manual;;packaging label;;;;;;
UZ;MFQ3010;Hand mixer;;User manual;;packaging label;;;;;;
UZ;MFQ3540;Hand mixer;;User manual;;packaging label;;;;;;
UZ;MFQ36460;Hand mixer;;User manual;;packaging label;;;;;;
UZ;MFQ40302;Hand mixer;;User manual;;packaging label;;;;;;
UZ;MFQ40304;Hand mixer;;User manual;;packaging label;;;;;;
UZ;MFQ4080;Meat mincer;;User manual;;packaging label;;;;;;
UZ;MFW45020;Meat mincer;;;;;;;;;;
UZ;MFW66020;Meat mincer;;;;;;;;;;
UZ;MFW67440;Meat mincer;;;;;;;;;;
UZ;MFW68640;Meat mincer;;;;;;;;;;
UZ;MFW68660;Meat mincer;;;;;;;;;;
UZ;MFW68680;Coffee grinder;;;;;;;;;;
UZ;MKM6000;Coffee grinder;;;;;;;;;;
UZ;MKM6003;Stirring machine;;;;;;;;;;
UZ;MMB21P0R;Stirring machine;;User manual;;packaging label;;;;;;
UZ;MMB42G0B;Stirring machine;;User manual;;packaging label;;;;;;
UZ;MMB65G5M;Stirring machine;;;;;;;;;;
UZ;MMBM7G2M;Vacuum blender;;;;;;;;;;
UZ;MMBV625M;Universal processor;;;;;;;;;;
UZ;MMR08A1;Universal processor;;User manual;;packaging label;;;;;;
UZ;MMR08R2;Universal glass processor;;User manual;;packaging label;;;;;;
UZ;MMR15A1;Blender rod CleverMixx 400 W;;User manual;;packaging label;;;;;;
UZ;MSM24500;Blender rod;;;;;;;;;;
UZ;MSM66020;Hand blender yellow/white;;User manual;;packaging label;;;;;;
UZ;MSM66110Y;Blender rod;;User manual;;packaging label;;;;;;
UZ;MSM66155;Blender rod;;User manual;;packaging label;;;;;;
UZ;MSM67170;Blender rod;;User manual;;packaging label;;;;;;
UZ;MSM67190;Blender rod;;User manual;;packaging label;;;;;;
UZ;MSM671X1;Blender rod;;User manual;;packaging label;;;;;;
UZ;MSM87110;Blender rod;;User manual;;packaging label;;;;;;
UZ;MSM87160;MULTICOOKER;;User manual;;packaging label;;;;;;
UZ;MUC22B42RU;MULTICOOKER;;;;;;;;;;
UZ;MUC28B64RU;MULTICOOKER;;;;;;;;;;
UZ;MUC88B68RU;Kitchen Machine;;;;;;;;;;
UZ;MUM4427;Kitchen Machine;;;;;;;;;;
UZ;MUM4880;Kitchen Machine;;User manual;;packaging label;;;;;;
UZ;MUM48A1;Kitchen Machine;;User manual;;packaging label;;;;;;
UZ;MUM48R1;Kitchen Machine;;User manual;;packaging label;;;;;;
UZ;MUM54251;Kitchen Machine;;User manual;;packaging label;;;;;;
UZ;MUM54G00;Kitchen Machine;;User manual;;packaging label;;;;;;
UZ;MUM54I00;Kitchen Machine;;User manual;;packaging label;;;;;;
UZ;MUM54P00;Kitchen Machine;;User manual;;packaging label;;;;;;
UZ;MUM57B22;Kitchen Machine;;User manual;;packaging label;;;;;;
UZ;MUM58420;Kitchen Machine;;User manual;;packaging label;;;;;;
UZ;MUM59M55;Kitchen Machine;;User manual;;packaging label;;;;;;
UZ;MUM9Y43S00;Kitchen Machine;;User manual;;packaging label;;;;;;
UZ;MUM9YX5S12;Potato fritter rosti disc;;User manual;;packaging label;;;;;;
UZ;MUZ45KP1;Ice-cream maker;;;;;;;;;;
UZ;MUZXEB1;Gas hob with integrated controls;;;;;;;;;;
UZ;PBP6C2B80O;Gas hob with integrated controls;;;;;;;;;;
UZ;PBP6C5B60Q;Gas hob with integrated controls;;;;;;;;;;
UZ;PBP6C6B80Q;Gas mixte hob;;;;;;;;;;
UZ;PBY6C2B80Q;Gas mixte hob;;;;;;;;;;
UZ;PBY6C5B60O;Gas mixte hob;;;;;;;;;;
UZ;PBY6C5B80Q;Gas mixte hob;;;;;;;;;;
UZ;PBY6C6B80O;Gas hob;;;;;;;;;;
UZ;PCC615B90E;Gas hob, autarkic;;;;;;;;;;
UZ;PCQ7A5M90R;Gas hob, autarkic;;;;;;;;;;
UZ;PCR9A5B90M;Gas hob, autarkic;;;;;;;;;;
UZ;PCS7A5M90;Gas hob, autarkic;;;;;;;;;;
UZ;PGP6B1B60;Domino Electric hob, autarkic;;;;;;;;;;
UZ;PKF375CA1M;Gas hob, autarkic;;;;;;;;;;
UZ;PPH6A6B20;Gas hob, autarkic;;;;;;;;;;
UZ;PPP6A2B20O;Gas hob, autarkic;;;;;;;;;;
UZ;PPQ7A6B20;Domino Gas hob, autarkic;;;;;;;;;;
UZ;PRB3A6D70M;Gas hob, autarkic;;;;;;;;;;
UZ;PRP6A6D70R;Gas hob, autarkic;;;;;;;;;;
UZ;PRS9A6D70M;Gas hob with electric cooking zone, auta;;;;;;;;;;
UZ;PRY6A6B70Q;Auto Shut Off POS for iron RU;;;;;;;;;;
UZ;Q8A0029167;I-DOS POS RU;;;;;;;;;;
UZ;Q8A0029173;I-DOS Wobbler RU;;;;;;;;;;
UZ;Q8A0029178;Power of Steam POS iron RU;;;;;;;;;;
UZ;Q8A0029185;Steam Station POS FOR IRON RU;;;;;;;;;;
UZ;Q8A0029204;ECOCLEAN OVEN STICKER RU 2018;;;;;;;;;;
UZ;Q8A0029507;PERFECT ROAST POS FOR OVENS RU;;;;;;;;;;
UZ;Q8A0029516;3D HOTAIR POS RU;;;;;;;;;;
UZ;Q8A0029533;PYROLYTIC CLEANING POS RU;;;;;;;;;;
UZ;Q8A0029541;4D HOTAIR OVEN 1ST STICKER RU 2018;;;;;;;;;;
UZ;Q8A0029549;PERFECT ROAST 1STICKER FOR OVENS RU;;;;;;;;;;
UZ;Q8A0029571;PERFECT ROAST STICKER FOR OVENS RU;;;;;;;;;;
UZ;Q8A0029576;Iron broshure Rus 2018;;;;;;;;;;
UZ;Q8A0029717;Bosch LDA Catalogue RU 2018/2019;;;;;;;;;;
UZ;Q8A0029791;QR HEALTHY LIVING AGENDA 2019 BT;;;;;;;;;;
UZ;Q8A0029903;MIX2GO Blender POS RU;;;;;;;;;;
UZ;Q8A0029978;SilentMIXX Liquidizer POS RU;;;;;;;;;;
UZ;Q8A0029992;MUM5 POS RU;;;;;;;;;;
UZ;Q8A0030003;MaxxoMix Handblender  POS RU;;;;;;;;;;
UZ;Q8A0030004;Dryers Leaflet Russian;;;;;;;;;;
UZ;Q8A0030168;HygienePlus POS RU;;;;;;;;;;
UZ;Q8A0030189;Variodrawer POS RU;;;;;;;;;;
UZ;Q8A0030204;Zeolith POS RU;;;;;;;;;;
UZ;Q8A0030209;Supersilence POS RU;;;;;;;;;;
UZ;Q8A0030213;Machine Care POS RU;;;;;;;;;;
UZ;Q8A0030218;Energy Saving POS RU;;;;;;;;;;
UZ;Q8A0030223;ActiveWater POS RU;;;;;;;;;;
UZ;Q8A0030228;Dryers POS Russian;;;;;;;;;;
UZ;Q8A0030265;Dishwasher integrated stainless steel;;;;;;;;;;
UZ;SMI45IS00T;Dishwasher integrated stainless steel;;User manual;;packaging label;;;;;;
UZ;SMI46KS00T;Free-standing dishwasher 60 cm white;;User manual;;packaging label;;;;;;
UZ;SMS23BW00T;Free-standing dishwasher 60cm white;;;;;;;;;;
UZ;SMS43D02ME;Free-standing dishwasher Silver Inox;;User manual;;packaging label;;;;;;
UZ;SMS43D08ME;Free-standing dishwasher Silver Inox;;User manual;;packaging label;;;;;;
UZ;SMS45DI10Q;Free-standing dishwasher white;;User manual;;packaging label;;;;;;
UZ;SMS45DW10Q;Free-standing dishwasher Silver Inox;;;;;;;;;;
UZ;SMS46II10Q;Free-standing dishwasher Silver Inox;;User manual;;packaging label;;;;;;
UZ;SMS46JI10Q;Free-standing dishwasher white;;;;;;;;;;
UZ;SMS46JW10Q;Free-standing dishwasher black;;;;;;;;;;
UZ;SMS46MB00T;Free-standing dishwasher white;;;;;;;;;;
UZ;SMS53L02ME;Free-standing dishwasher Silver Inox;;User manual;;packaging label;;;;;;
UZ;SMS53L08ME;Free-standing dishwasher silver-inox;;User manual;;packaging label;;;;;;
UZ;SMS67NI10Q;Free-standing dishwasher white;;;;;;;;;;
UZ;SMS67NW10Q;Free-standing dishwasher 60 cm silver in;;User manual;;packaging label;;;;;;
UZ;SMS88TI03E;Dishwasher fully integrated;;User manual;;packaging label;;;;;;
UZ;SMV25CX10Q;Dishwasher fully integrated;;User manual;;packaging label;;;;;;
UZ;SMV46JX10Q;Dishwasher fully integrated;;;;;;;;;;
UZ;SMV68MX07E;Free-standing dishwasher;;User manual;;packaging label;;;;;;
UZ;SPS25CI03E;Free-standing dishwasher;;User manual;;packaging label;;;;;;
UZ;SPS25CW03E;Free-standing dishwasher 45cm black;;User manual;;packaging label;;;;;;
UZ;SPS50E56EU;Dishwasher fully integrated 45cm;;User manual;;packaging label;;;;;;
UZ;SPV45DX10R;Compact toaster;;User manual;;packaging label;;;;;;
UZ;TAT6A111;Compact toaster;;;;;;;;;;
UZ;TAT6A113;Compact toaster;;;;;;;;;;
UZ;TAT6A114;Compact toaster;;;;;;;;;;
UZ;TAT6A913;Compact toaster;;;;;;;;;;
UZ;TAT8611;Compact toaster;;;;;;;;;;
UZ;TAT8613;steam iron;;;;;;;;;;
UZ;TDA3024030;steam iron;;;;;;;;;;
UZ;TDA3024034;steam iron;;;;;;;;;;
UZ;TDA3026110;steam iron;;;;;;;;;;
UZ;TDA3028014;steam iron;;;;;;;;;;
UZ;TDA3028210;steam iron;;;;;;;;;;
UZ;TDA503011P;steam iron;;;;;;;;;;
UZ;TDA703021I;Compact steam generator;;;;;;;;;;
UZ;TDI902836A;Compact steam generator;;;;;;;;;;
UZ;TDI903231A;active-ironing board;;;;;;;;;;
UZ;TDN1010N;active-ironing board;;;;;;;;;;
UZ;TDN1700P;Steam station;;;;;;;;;;
UZ;TDS4070;Steam station;;;;;;;;;;
UZ;TDS6030;Steam station;;;;;;;;;;
UZ;TDS8080;Contact grill;;;;;;;;;;
UZ;TFB4402V;Contact grill;;;;;;;;;;
UZ;TFB4431V;Fully automatic coffee machine;;;;;;;;;;
UZ;TIS30321RW;Fully automatic coffee machine;;;;;;;;;;
UZ;TIS65429RW;Fully automatic coffee machine;;;;;;;;;;
UZ;TIS65621RW;Filter coffee machine;;;;;;;;;;
UZ;TKA6A041;Filter coffee machine;;;;;;;;;;
UZ;TKA6A043;Filter coffee machine;;;;;;;;;;
UZ;TKA6A044;Coffee grinder;;;;;;;;;;
UZ;TSM6A011W;Coffee grinder;;User manual;;packaging label;;;;;;
UZ;TSM6A013B;Tea Maker;;User manual;;packaging label;;;;;;
UZ;TTA2010;kettle cordless;;;;;;;;;;
UZ;TWK6A011;kettle cordless;;;;;;;;;;
UZ;TWK6A013;kettle cordless;;;;;;;;;;
UZ;TWK6A014;kettle cordless;;;;;;;;;;
UZ;TWK6A813;kettle cordless;;;;;;;;;;
UZ;TWK7601;kettle cordless;;;;;;;;;;
UZ;TWK7801;kettle cordless;;;;;;;;;;
UZ;TWK7804;kettle cordless;;;;;;;;;;
UZ;TWK7808;kettle cordless;;;;;;;;;;
UZ;TWK8611P;kettle cordless;;;;;;;;;;
UZ;TWK8613P;90 cm built-in oven;;;;;;;;;;
UZ;VBC514CR0;90 cm built-in gas oven;;;;;;;;;;
UZ;VGD553FB0;Washing machine;;;;;;;;;;
UZ;WAB20262ME;Washing machine;;User manual;;packaging label;;;;;;
UZ;WAK20200ME;Washing machine;;;;;;;;;;
UZ;WAK2022SME;Washing machine;;User manual;;packaging label;;;;;;
UZ;WAK20260ME;Washing machine;;User manual;;packaging label;;;;;;
UZ;WAK2426SME;Washing machine;;;;;;;;;;
UZ;WAT24441ME;Washing machine;;User manual;;packaging label;;;;;;
UZ;WAT28461ME;Washing machine;;User manual;;packaging label;;;;;;
UZ;WAT2846XME;Washing machine;;User manual;;packaging label;;;;;;
UZ;WAT28481ME;Washing machine;;User manual;;packaging label;;;;;;
UZ;WAT28780ME;Washing machine;;User manual;;packaging label;;;;;;
UZ;WAW32560ME;Washing machine;;User manual;;packaging label;;;;;;
UZ;WAW325X0ME;Washing machine;;User manual;;packaging label;;;;;;
UZ;WAW32760ME;Washing machine;;User manual;;packaging label;;;;;;
UZ;WAY32862ME;Tumble dryer;;User manual;;packaging label;;;;;;
UZ;WTN85420ME;Tumble dryer;;;;;;;;;;
UZ;WTW85461BY;Tumble dryer;;;;;;;;;;
UZ;WTY87781OE;Stacking kit with pull-out shelf;;;;;;;;;;
UZ;WTZ11400;(boþ);;;;;;;;;;
KE;GSN36VL3PG;Free-standing upright freezer;;;;;;EEL;;;;
KE;KGN33NL20G;Free-standing fridge-freezer;;;;;;EEL;;;;
KE;KGN56LB305;Free-standing fridge-freezer;;;;;;EEL;;;;
KZ;AC200190;;;user manuel;;Packaging Label;RANGE _STÝKER (ÜRÜN ETÝKET);;;;;
KZ;AC402181;;;user manuel;;Packaging Label;RANGE _STÝKER (ÜRÜN ETÝKET);;;;;
KZ;AD442026;;;;;;;;;;;
KZ;AL400121;;;;;;;;;;;
KZ;AR413122;;;;;;;;;;;
KZ;BA016105;;;;;;;;;;;
KZ;BBZ159HF;;;;;;;;;;;
KZ;BBZ161HF;;;;;;;;;;;
KZ;BCH65RT25K;;;user manuel;;Packaging Label;;;;;;
KZ;BCH6ATH18;;;user manuel;;Packaging Label;;;;;;
KZ;BCH6ATH25;;;user manuel;;Packaging Label;;;;;;
KZ;BEL554MS0;;;user manuel;Warranty Document;Packaging Label;;;;;;
KZ;BEL634GS1;;;user manuel;;Packaging Label;RANGE _STÝKER (ÜRÜN ETÝKET);;;;;
KZ;BFL524MB0;;;user manuel;Warranty Document;Packaging Label;RANGE _STÝKER (ÜRÜN ETÝKET);;;;;
KZ;BFL524MW0;;;user manuel;Warranty Document;;;;;;;
KZ;BFL524MS0;;;user manuel;Warranty Document;;;;;;;
KZ;BFL634GB1;;;user manuel;Warranty Document;Packaging Label;RANGE _STÝKER (ÜRÜN ETÝKET);;;;;
KZ;BGC05AAA1;;;;;Packaging Label;;;;;;
KZ;BGC05AAA2;;;;;Packaging Label;;;;;;
KZ;BGC2UK2000;;;;;;;;;;;
KZ;BGL32000;;;user manuel;;Packaging Label;;;;;;
KZ;BGS05A220;;;;;Packaging Label;;;;;;
KZ;BGS05A222;;;;;Packaging Label;;;;;;
KZ;BGS3U1800;;;;;;;;;;;
KZ;BGS3U2000;;;;;;;;;;;
KZ;BGS4U2234;;;user manuel;;Packaging Label;;;;;;
KZ;BGS4UGOLD2;;;;;;;;;;;
KZ;BGS4UGOLD4;;;user manuel;;Packaging Label;;;;;;
KZ;BGS5335;;;;;Packaging Label;;;;;;
KZ;BGS5ALL1;;;;;Packaging Label;;;;;;
KZ;BGS5POWER1;;;;;Packaging Label;;;;;;
KZ;BIC630NS1;;;user manuel;Warranty Document;Packaging Label;RANGE _STÝKER (ÜRÜN ETÝKET);;;;;
KZ;BM450110;;;;;;;;;;;
KZ;BMP224100;;;user manuel;;Packaging Label;RANGE _STÝKER (ÜRÜN ETÝKET);;;;;
KZ;BO480111;;;;;;;;;;;
KZ;BOP251101;;;;;;;;;;;
KZ;BS484111;;;;;;;;;;;
KZ;BSP250100;;;;;;;;;;;
KZ;BSP250110;;;user manuel;;Packaging Label;RANGE _STÝKER (ÜRÜN ETÝKET);;;;;
KZ;BSP251110;;;user manuel;;Packaging Label;RANGE _STÝKER (ÜRÜN ETÝKET);;;;;
KZ;CE261114;;;;;Packaging Label;RANGE _STÝKER (ÜRÜN ETÝKET);;;;;
KZ;CM450111;;;user manuel;;Packaging Label;RANGE _STÝKER (ÜRÜN ETÝKET);;;;;
KZ;CM470101;;;;;Packaging Label;RANGE _STÝKER (ÜRÜN ETÝKET);;;;;
KZ;CMP250101;;;user manuel;;Packaging Label;RANGE _STÝKER (ÜRÜN ETÝKET);;;;;
KZ;CMP250111;;;;;Packaging Label;RANGE _STÝKER (ÜRÜN ETÝKET);;;;;
KZ;CMP270101;;;;;Packaging Label;;;;;;
KZ;CSG656RB1;;;;;;;;;;;
KZ;CTL636ES1;;;user manuel;;Packaging Label;;;;;;
KZ;CX480111;;;;;;;;;;;
KZ;DA041160;;;;;;;;;;;
KZ;DFT63CA20Q;;;;;;;;;;;
KZ;DFT63CA50Q;;;;;;;;;;;
KZ;DFT63CA60Q;;;;;;;;;;;
KZ;DHU632CQ;;;;;;;;;;;
KZ;DHU636CQ;;;;;;;;;;;
KZ;DHU662BQ;;;;;;;;;;;
KZ;DHU665CQ;;;;;;;;;;;
KZ;DWA06E661;;;user manuel;;Packaging Label;RANGE _STÝKER (ÜRÜN ETÝKET);;;;;
KZ;DWA097E51;;;user manuel;;Packaging Label;RANGE _STÝKER (ÜRÜN ETÝKET);;;;;
KZ;DWB064W21T;;;user manuel;;Packaging Label;RANGE _STÝKER (ÜRÜN ETÝKET);;;;;
KZ;DWB064W51T;;;user manuel;;Packaging Label;RANGE _STÝKER (ÜRÜN ETÝKET);;;;;
KZ;DWB068E50;;;user manuel;;Packaging Label;RANGE _STÝKER (ÜRÜN ETÝKET);;;;;
KZ;DWB098E50;;;;;Packaging Label;RANGE _STÝKER (ÜRÜN ETÝKET);;;;;
KZ;DWB64BC52;;;user manuel;Warranty Document;Packaging Label;RANGE _STÝKER (ÜRÜN ETÝKET);;;;;
KZ;DWB94BC52;;;;Warranty Document;;;;;;;
KZ;DWF67KM60;;;user manuel;Warranty Document;Packaging Label;RANGE _STÝKER (ÜRÜN ETÝKET);;;;;
KZ;DWF97RU60;;;user manuel;Warranty Document;Packaging Label;RANGE _STÝKER (ÜRÜN ETÝKET);;;;;
KZ;DWG66CD50T;;;user manuel;Warranty Document;Packaging Label;RANGE _STÝKER (ÜRÜN ETÝKET);;;;;
KZ;DWG66CD60T;;;;Warranty Document;;;;;;;
KZ;DWK065G20T;;;user manuel;Warranty Document;Packaging Label;RANGE _STÝKER (ÜRÜN ETÝKET);;;;;
KZ;DWK065G60T;;;user manuel;Warranty Document;Packaging Label;RANGE _STÝKER (ÜRÜN ETÝKET);;;;;
KZ;DWK095G60T;;;user manuel;Warranty Document;Packaging Label;RANGE _STÝKER (ÜRÜN ETÝKET);;;;;
KZ;DWK097E50;;;user manuel;;Packaging Label;RANGE _STÝKER (ÜRÜN ETÝKET);;;;;
KZ;DWK09M760;;;user manuel;;;;;;;;
KZ;DWK67HM20;;;user manuel;Warranty Document;Packaging Label;RANGE _STÝKER (ÜRÜN ETÝKET);;;;;
KZ;DWK67HM60;;;user manuel;Warranty Document;;;;;;;
KZ;DWK97HM60;;;user manuel;Warranty Document;Packaging Label;RANGE _STÝKER (ÜRÜN ETÝKET);;;;;
KZ;DWP64CC20T;;;user manuel;Warranty Document;Packaging Label;RANGE _STÝKER (ÜRÜN ETÝKET);;;;;
KZ;DWP64CC50Q;;;;;;;;;;;
KZ;DWP64CC60T;;;user manuel;Warranty Document;Packaging Label;RANGE _STÝKER (ÜRÜN ETÝKET);;;;;
KZ;DWP94CC50T;;;user manuel;Warranty Document;Packaging Label;RANGE _STÝKER (ÜRÜN ETÝKET);;;;;
KZ;DWW06W420Q;;;;;;;;;;;
KZ;GN340230;;;;;;;;;;;
KZ;GSN36VW30U;;;user manuel;;;;;;;;
KZ;HBF534ES0Q;;;;;;;;;;;
KZ;HBG43S320Q;;;;;;;;;;;
KZ;HBG43S350Q;;;;;;;;;;;
KZ;HBG635BS1;;;user manuel;Warranty Document;Packaging Label;RANGE _STÝKER (ÜRÜN ETÝKET);;;;;
KZ;HBG636ES1;;;user manuel;Warranty Document;Packaging Label;RANGE _STÝKER (ÜRÜN ETÝKET);;;;;
KZ;HBG636LB1;;;user manuel;Warranty Document;Packaging Label;RANGE _STÝKER (ÜRÜN ETÝKET);;;;;
KZ;HBG655NB1;;;user manuel;Warranty Document;Packaging Label;RANGE _STÝKER (ÜRÜN ETÝKET);;;;;
KZ;HBG675BS1;;;user manuel;Warranty Document;Packaging Label;RANGE _STÝKER (ÜRÜN ETÝKET);;;;;
KZ;HBN211E4;;;user manuel;Warranty Document;Packaging Label;RANGE _STÝKER (ÜRÜN ETÝKET);;;;;
KZ;HBN211S4;;;user manuel;Warranty Document;Packaging Label;RANGE _STÝKER (ÜRÜN ETÝKET);;;;;
KZ;HBN301E2Q;;;;;;;;;;;
KZ;HBN301E6T;;;user manuel;Warranty Document;Packaging Label;RANGE _STÝKER (ÜRÜN ETÝKET);;;;;
KZ;HCA422120Q;;;;;;;;;;;
KZ;HCA643220Q;;;;;;;;;;;
KZ;HCA744250Q;;;;;;;;;;;
KZ;HGA223120Q;;;;;;;;;;;
KZ;HGA22B120Q;;;;;;;;;;;
KZ;HGA233120Q;;;;;;;;;;;
KZ;HGA24W225Q;;;;;;;;;;;
KZ;HGD52D120Q;;;;;;;;;;;
KZ;HGD625255Q;;;;;;;;;;;
KZ;HGD62D250Q;;;;;;;;;;;
KZ;HGD645225Q;;;;;;;;;;;
KZ;HMG636BS1;;;;Warranty Document;Packaging Label;RANGE _STÝKER (ÜRÜN ETÝKET);;;;;
KZ;HMT84M654;;;user manuel;;Packaging Label;RANGE _STÝKER (ÜRÜN ETÝKET);;;;;
KZ;HSA420120Q;;;;;;;;;;;
KZ;HSB738257M;;;user manuel;Warranty Document;Packaging Label;RANGE _STÝKER (ÜRÜN ETÝKET);;;;;
KZ;HSG656XS1;;;user manuel;Warranty Document;Packaging Label;RANGE _STÝKER (ÜRÜN ETÝKET);;;;;
KZ;HSG736227M;;;user manuel;Warranty Document;Packaging Label;RANGE _STÝKER (ÜRÜN ETÝKET);;;;;
KZ;HSG738257M;;;user manuel;Warranty Document;Packaging Label;RANGE _STÝKER (ÜRÜN ETÝKET);;;;;
KZ;KAN92VI25R;;;user manuel;;Packaging Label;RANGE _STÝKER (ÜRÜN ETÝKET);;;;;
KZ;KDD74AL20N;;;user manuel;;Packaging Label;RANGE _STÝKER (ÜRÜN ETÝKET);;;;;
KZ;KGN49XI30U;;;;Warranty Document;;;;;;;
KZ;KGN49XL30U;;;;Warranty Document;;;;;;;
KZ;KGN56LB30U;;;;Warranty Document;;;;;;;
KZ;KGN56LW30U;;;;Warranty Document;;;;;;;
KZ;KGN56VI30U;;;;;;;;;;;
KZ;KGN56VW30U;;;;;;;;;;;
KZ;KGN76AI30U;;;;Warranty Document;;;;;;;
KZ;KGN86AI30U;;;;Warranty Document;;;;;;;
KZ;KGN86AW30U;;;;Warranty Document;;;;;;;
KZ;KIS87AF30R;;;user manuel;Warranty Document;Packaging Label;RANGE _STÝKER (ÜRÜN ETÝKET);;;;;
KZ;KSV36VI30U;;;;;;;;;;;
KZ;KSV36VW30U;;;;;;;;;;;
KZ;MCM3200W;;;user manuel;;Packaging Label;;;;;;
KZ;MCM3501M;;;user manuel;;Packaging Label;;;;;;
KZ;MCM62020;;;user manuel;;Packaging Label;;;;;;
KZ;MCM64060;;;;;;;;;;;
KZ;MCM68885;;;user manuel;;Packaging Label;;;;;;
KZ;MCP3500;;;user manuel;;Packaging Label;;;;;;
KZ;MCP72GMB;;;user manuel;;Packaging Label;;;;;;
KZ;MES25A0;;;user manuel;;Packaging Label;;;;;;
KZ;MES25G0;;;user manuel;;Packaging Label;;;;;;
KZ;MES3500;;;user manuel;;Packaging Label;;;;;;
KZ;MES4000;;;user manuel;;Packaging Label;;;;;;
KZ;MES4010;;;user manuel;;Packaging Label;;;;;;
KZ;MFQ3010;;;user manuel;;Packaging Label;;;;;;
KZ;MFQ3540;;;user manuel;;Packaging Label;;;;;;
KZ;MFQ36460;;;user manuel;;Packaging Label;;;;;;
KZ;MFQ36GOLD;;;user manuel;;Packaging Label;;;;;;
KZ;MFQ40304;;;user manuel;;Packaging Label;;;;;;
KZ;MFQ4080;;;user manuel;;Packaging Label;;;;;;
KZ;MFW45020;;;user manuel;;Packaging Label;;;;;;
KZ;MFW66020;;;user manuel;;Packaging Label;;;;;;
KZ;MFW67440;;;user manuel;;Packaging Label;;;;;;
KZ;MFW68640;;;user manuel;;Packaging Label;;;;;;
KZ;MFW68660;;;user manuel;;;RANGE _STÝKER (ÜRÜN ETÝKET);;;;;
KZ;MFW68680;;;user manuel;;Packaging Label;;;;;;
KZ;MFW68680;;;user manuel;;Packaging Label;;;;;;
KZ;MKM6000;;;user manuel;;Packaging Label;;;;;;
KZ;MKM6003;;;user manuel;;Packaging Label;;;;;;
KZ;MMB21P0R;;;user manuel;;Packaging Label;;;;;;
KZ;MMBM7G3M;;;;;;;;;;;
KZ;MMR08A1;;;user manuel;;Packaging Label;;;;;;
KZ;MMR15A1;;;user manuel;;Packaging Label;;;;;;
KZ;MSM2413V;;;user manuel;;Packaging Label;;;;;;
KZ;MSM66020;;;user manuel;;Packaging Label;;;;;;
KZ;MSM66110Y;;;user manuel;;Packaging Label;;;;;;
KZ;MSM66155;;;user manuel;;Packaging Label;;;;;;
KZ;MSM67170;;;user manuel;;Packaging Label;;;;;;
KZ;MSM67190;;;user manuel;;Packaging Label;;;;;;
KZ;MSM671X1;;;user manuel;;Packaging Label;;;;;;
KZ;MSM87110;;;user manuel;;Packaging Label;;;;;;
KZ;MSM87160;;;user manuel;;Packaging Label;;;;;;
KZ;MUC22B42RU;;;user manuel;;Packaging Label;;;;;;
KZ;MUC28B64RU;;;user manuel;;Packaging Label;;;;;;
KZ;MUC88B68RU;;;user manuel;;;;;;;;
KZ;MUM4880;;;user manuel;;Packaging Label;;;;;;
KZ;MUM48A1;;;user manuel;;Packaging Label;RANGE _STÝKER (ÜRÜN ETÝKET);;;;;
KZ;MUM48R1;;;user manuel;;Packaging Label;;;;;;
KZ;MUM54251;;;user manuel;;Packaging Label;;;;;;
KZ;MUM54G00;;;user manuel;;Packaging Label;;;;;;
KZ;MUM54I00;;;user manuel;;Packaging Label;;;;;;
KZ;MUM54P00;;;user manuel;;Packaging Label;;;;;;
KZ;MUM57B22;;;user manuel;;Packaging Label;;;;;;
KZ;MUM58020;;;user manuel;;Packaging Label;;;;;;
KZ;MUM58420;;;user manuel;;Packaging Label;;;;;;
KZ;MUM9YX5S12;;;;;;;;;;;
KZ;MUMXL20C;;;user manuel;;Packaging Label;;;;;;
KZ;MUZ4FW3;;;;;;;;;;;
KZ;MUZ9CC1;;;;;Packaging Label;;;;;;
KZ;MUZ9HA1;;;;;Packaging Label;;;;;;
KZ;MUZ9PP1;;;;;;;;;;;
KZ;MUZ9VL1;;;;;Packaging Label;;;;;;
KZ;MUZ9VLP1;;;;;Packaging Label;;;;;;
KZ;PBP6B3B60;;;user manuel;;Packaging Label;RANGE _STÝKER (ÜRÜN ETÝKET);;;;;
KZ;PBP6C2B80O;;;user manuel;;Packaging Label;RANGE _STÝKER (ÜRÜN ETÝKET);;;;;
KZ;PBP6C5B60Q;;;;;;;;;;;
KZ;PBP6C6B80Q;;;;;;;;;;;
KZ;PBY6C2B80Q;;;;;;;;;;;
KZ;PBY6C5B60O;;;;;Packaging Label;RANGE _STÝKER (ÜRÜN ETÝKET);;;;;
KZ;PBY6C6B60O;;;;;Packaging Label;RANGE _STÝKER (ÜRÜN ETÝKET);;;;;
KZ;PBY6C6B80O;;;;;Packaging Label;RANGE _STÝKER (ÜRÜN ETÝKET);;;;;
KZ;PCC6A5B90;;;user manuel;Warranty Document;Packaging Label;RANGE _STÝKER (ÜRÜN ETÝKET);;;;;
KZ;PCP611B90E;;;user manuel;;Packaging Label;RANGE _STÝKER (ÜRÜN ETÝKET);;;;;
KZ;PCP615B90E;;;user manuel;;Packaging Label;RANGE _STÝKER (ÜRÜN ETÝKET);;;;;
KZ;PCP6A5B80Q;;;;;;;;;;;
KZ;PCP6A5B90M;;;user manuel;Warranty Document;Packaging Label;RANGE _STÝKER (ÜRÜN ETÝKET);;;;;
KZ;PCQ7A5M90R;;;user manuel;Warranty Document;Packaging Label;RANGE _STÝKER (ÜRÜN ETÝKET);;;;;
KZ;PCR9A5B90M;;;user manuel;Warranty Document;Packaging Label;RANGE _STÝKER (ÜRÜN ETÝKET);;;;;
KZ;PCS7A5M90;;;user manuel;Warranty Document;Packaging Label;RANGE _STÝKER (ÜRÜN ETÝKET);;;;;
KZ;PEE689CA1;;;user manuel;Warranty Document;Packaging Label;RANGE _STÝKER (ÜRÜN ETÝKET);;;;;
KZ;PGP6B1B60;;;user manuel;Warranty Document;Packaging Label;RANGE _STÝKER (ÜRÜN ETÝKET);;;;;
KZ;PGP6B3B60;;;user manuel;Warranty Document;Packaging Label;RANGE _STÝKER (ÜRÜN ETÝKET);;;;;
KZ;PGP6B5B60Q;;;;;;;;;;;
KZ;PGY6B5B60Q;;;;;;;;;;;
KZ;PIV975DC1E;;;user manuel;;Packaging Label;RANGE _STÝKER (ÜRÜN ETÝKET);;;;;
KZ;PKE611D17E;;;user manuel;Warranty Document;Packaging Label;RANGE _STÝKER (ÜRÜN ETÝKET);;;;;
KZ;PKE611F17Q;;;;;Packaging Label;RANGE _STÝKER (ÜRÜN ETÝKET);;;;;
KZ;PKE645CA1E;;;user manuel;Warranty Document;Packaging Label;RANGE _STÝKER (ÜRÜN ETÝKET);;;;;
KZ;PKE652CA1E;;;user manuel;Warranty Document;Packaging Label;RANGE _STÝKER (ÜRÜN ETÝKET);;;;;
KZ;PKF375CA1M;;;user manuel;Warranty Document;Packaging Label;RANGE _STÝKER (ÜRÜN ETÝKET);;;;;
KZ;PKF675FP1E;;;user manuel;Warranty Document;Packaging Label;RANGE _STÝKER (ÜRÜN ETÝKET);;;;;
KZ;PKK611B17E;;;user manuel;Warranty Document;Packaging Label;RANGE _STÝKER (ÜRÜN ETÝKET);;;;;
KZ;PKM611B17E;;;user manuel;;Packaging Label;RANGE _STÝKER (ÜRÜN ETÝKET);;;;;
KZ;PKM645B17E;;;user manuel;Warranty Document;Packaging Label;RANGE _STÝKER (ÜRÜN ETÝKET);;;;;
KZ;PKN811D17E;;;user manuel;;Packaging Label;RANGE _STÝKER (ÜRÜN ETÝKET);;;;;
KZ;PKN811FP1E;;;user manuel;Warranty Document;Packaging Label;RANGE _STÝKER (ÜRÜN ETÝKET);;;;;
KZ;PPC6A6B20;;;user manuel;Warranty Document;Packaging Label;RANGE _STÝKER (ÜRÜN ETÝKET);;;;;
KZ;PPH616B21E;;;user manuel;;Packaging Label;RANGE _STÝKER (ÜRÜN ETÝKET);;;;;
KZ;PPH6A6B20;;;user manuel;Warranty Document;Packaging Label;RANGE _STÝKER (ÜRÜN ETÝKET);;;;;
KZ;PPP616B81E;;;user manuel;;Packaging Label;RANGE _STÝKER (ÜRÜN ETÝKET);;;;;
KZ;PPP6A2B20O;;;user manuel;Warranty Document;Packaging Label;RANGE _STÝKER (ÜRÜN ETÝKET);;;;;
KZ;PPP6A6B80;;;user manuel;Warranty Document;;;;;;;
KZ;PPQ716B21E;;;user manuel;;Packaging Label;RANGE _STÝKER (ÜRÜN ETÝKET);;;;;
KZ;PPQ7A6B20;;;user manuel;Warranty Document;Packaging Label;RANGE _STÝKER (ÜRÜN ETÝKET);;;;;
KZ;PPW2360;;;user manuel;;Packaging Label;RANGE _STÝKER (ÜRÜN ETÝKET);;;;;
KZ;PRA326B70E;;;user manuel;;Packaging Label;RANGE _STÝKER (ÜRÜN ETÝKET);;;;;
KZ;PRB326B70E;;;user manuel;;Packaging Label;RANGE _STÝKER (ÜRÜN ETÝKET);;;;;
KZ;PRB3A6D70M;;;;Warranty Document;;;;;;;
KZ;PRP6A6D70R;;;user manuel;Warranty Document;Packaging Label;RANGE _STÝKER (ÜRÜN ETÝKET);;;;;
KZ;PRS9A6D70M;;;user manuel;Warranty Document;Packaging Label;RANGE _STÝKER (ÜRÜN ETÝKET);;;;;
KZ;PRY6A6D70Q;;;;;;;;;;;
KZ;PUE611BB1E;;;user manuel;;Packaging Label;RANGE _STÝKER (ÜRÜN ETÝKET);;;;;
KZ;RA425110;;;;;;;;;;;
KZ;RA425910;;;;;Packaging Label;;;;;;
KZ;RB287203;;;;;;;;;;;
KZ;RC282203;;;;;;;;;;;
KZ;RC289203;;;user manuel;;Packaging Label;RANGE _STÝKER (ÜRÜN ETÝKET);;;;;
KZ;RF287202;;;;;;;;;;;
KZ;RW402261;;;;;Packaging Label;RANGE _STÝKER (ÜRÜN ETÝKET);;;;;
KZ;RW404261;;;;;;;;;;;
KZ;SMI46KS00T;;;user manuel;Warranty Document;Packaging Label;RANGE _STÝKER (ÜRÜN ETÝKET);;;;;
KZ;SMI50D05TR;;;user manuel;Warranty Document;Packaging Label;RANGE _STÝKER (ÜRÜN ETÝKET);;;;;
KZ;SMS23BW00T;;;user manuel;Warranty Document;Packaging Label;RANGE _STÝKER (ÜRÜN ETÝKET);;;;;
KZ;SMS43D08ME;;;user manuel;Warranty Document;Packaging Label;RANGE _STÝKER (ÜRÜN ETÝKET);;;;;
KZ;SMS45DI10Q;;;;Warranty Document;;;;;;;
KZ;SMS45IW10Q;;;;Warranty Document;;;;;;;
KZ;SMS46JI10Q;;;;Warranty Document;;;;;;;
KZ;SMS46JW10Q;;;;Warranty Document;;;;;;;
KZ;SMS53L02ME;;;user manuel;Warranty Document;Packaging Label;RANGE _STÝKER (ÜRÜN ETÝKET);;;;;
KZ;SMS53L08ME;;;user manuel;Warranty Document;Packaging Label;RANGE _STÝKER (ÜRÜN ETÝKET);;;;;
KZ;SMS67MI10Q;;;;;;;;;;;
KZ;SMV68MX07E;;;user manuel;Warranty Document;Packaging Label;RANGE _STÝKER (ÜRÜN ETÝKET);;;;;
KZ;SPI26MS30R;;;user manuel;;Packaging Label;RANGE _STÝKER (ÜRÜN ETÝKET);;;;;
KZ;SPS25CI03E;;;user manuel;Warranty Document;Packaging Label;RANGE _STÝKER (ÜRÜN ETÝKET);;;;;
KZ;SPS25CW03E;;;user manuel;Warranty Document;Packaging Label;RANGE _STÝKER (ÜRÜN ETÝKET);;;;;
KZ;SPS46IW01E;;;user manuel;;Packaging Label;RANGE _STÝKER (ÜRÜN ETÝKET);;;;;
KZ;SPS50E56EU;;;user manuel;Warranty Document;Packaging Label;RANGE _STÝKER (ÜRÜN ETÝKET);;;;;
KZ;SPV24CX00E;;;user manuel;Warranty Document;Packaging Label;RANGE _STÝKER (ÜRÜN ETÝKET);;;;;
KZ;SPV30E00RU;;;user manuel;Warranty Document;Packaging Label;RANGE _STÝKER (ÜRÜN ETÝKET);;;;;
KZ;SPV40E10RU;;;user manuel;;Packaging Label;RANGE _STÝKER (ÜRÜN ETÝKET);;;;;
KZ;SPV45DX10R;;;user manuel;Warranty Document;;;;;;;
KZ;SPV46IX00E;;;user manuel;Warranty Document;Packaging Label;RANGE _STÝKER (ÜRÜN ETÝKET);;;;;
KZ;SPV66TX10R;;;user manuel;Warranty Document;;;;;;;
KZ;TAT6A111;;;user manuel;;Packaging Label;;;;;;
KZ;TAT6A113;;;user manuel;;Packaging Label;;;;;;
KZ;TAT6A114;;;user manuel;;Packaging Label;;;;;;
KZ;TAT6A913;;;user manuel;;Packaging Label;;;;;;
KZ;TAT7S25;;;;;;;;;;;
KZ;TAT8611;;;user manuel;;Packaging Label;;;;;;
KZ;TAT8613;;;user manuel;;Packaging Label;;;;;;
KZ;TDA2610;;;user manuel;;Packaging Label;;;;;;
KZ;TDA3026110;;;user manuel;;Packaging Label;;;;;;
KZ;TDA503011P;;;user manuel;;Packaging Label;;;;;;
KZ;TDA703021I;;;user manuel;;Packaging Label;;;;;;
KZ;TDI902836A;;;user manuel;;Packaging Label;;;;;;
KZ;TDI903231A;;;user manuel;;Packaging Label;;;;;;
KZ;TDN1700P;;;user manuel;;Packaging Label;;;;;;
KZ;TDS373118P;;;user manuel;;Packaging Label;;;;;;
KZ;TDS6030;;;user manuel;;Packaging Label;;;;;;
KZ;TES60523RW;;;user manuel;;Packaging Label;;;;;;
KZ;TFB4402V;;;user manuel;;;;;;;;
KZ;TFB4431V;;;user manuel;;;;;;;;
KZ;TIS30129RW;;;;;;;;;;;
KZ;TIS30321RW;;;;;;;;;;;
KZ;TKA6031A;;;user manuel;;Packaging Label;;;;;;
KZ;TKA6033;;;user manuel;;Packaging Label;;;;;;
KZ;TKA6A041;;;user manuel;;Packaging Label;;;;;;
KZ;TKA6A043;;;user manuel;;Packaging Label;;;;;;
KZ;TKA6A044;;;user manuel;;Packaging Label;;;;;;
KZ;TKA8011;;;user manuel;;Packaging Label;;;;;;
KZ;TKA8013;;;user manuel;;Packaging Label;;;;;;
KZ;TKA8633;;;user manuel;;Packaging Label;;;;;;
KZ;TWK6A011;;;user manuel;;Packaging Label;;;;;;
KZ;TWK6A013;;;user manuel;;Packaging Label;;;;;;
KZ;TWK6A014;;;user manuel;;Packaging Label;;;;;;
KZ;TWK6A813;;;user manuel;;Packaging Label;;;;;;
KZ;TWK7203;;;;;;;;;;;
KZ;TWK7601;;;user manuel;;Packaging Label;;;;;;
KZ;TWK7801;;;user manuel;;Packaging Label;;;;;;
KZ;TWK7804;;;user manuel;;Packaging Label;;;;;;
KZ;TWK7808;;;user manuel;;Packaging Label;;;;;;
KZ;TWK7S05;;;user manuel;;;;;;;;
KZ;TWK8611P;;;user manuel;;Packaging Label;;;;;;
KZ;TWK8613P;;;user manuel;;Packaging Label;;;;;;
KZ;VA420010;;;;;;;;;;;
KZ;VBD554FS0;;;user manuel;Warranty Document;Packaging Label;RANGE _STÝKER (ÜRÜN ETÝKET);;;;;
KZ;VR414110;;;;;;;;;;;
KZ;WA032001;;;;;;;;;;;
KZ;WAK2022SME;;;;;;;;;;;
KZ;WAK20260ME;;;;;;;;;;;
KZ;WAK2426SME;;;;;;RANGE _STÝKER (ÜRÜN ETÝKET);;;;;
KZ;WAT28461ME;;;;;;;;;;;
KZ;WAT2846XME;;;user manuel;;Packaging Label;RANGE _STÝKER (ÜRÜN ETÝKET);;;;;
KZ;WAT28681ME;;;;;;RANGE _STÝKER (ÜRÜN ETÝKET);;;;;
KZ;WAW32560ME;;;;;;;;;;;
KZ;WAW325X0ME;;;;;;;;;;;
KZ;WAW32760ME;;;user manuel;;Packaging Label;RANGE _STÝKER (ÜRÜN ETÝKET);;;;;
KZ;WAY32742OE;;;;;Packaging Label;RANGE _STÝKER (ÜRÜN ETÝKET);;;;;
KZ;WAY32862ME;;;;;Packaging Label;RANGE _STÝKER (ÜRÜN ETÝKET);;;;;
KZ;WOT24255OE;;;user manuel;Warranty Document;Packaging Label;RANGE _STÝKER (ÜRÜN ETÝKET);;;;;
KZ;WSP221100;;;;;;;;;;;
KZ;WSP221110;;;;;;;;;;;
KZ;WTG8640XME;;;;Warranty Document;;;;;;;
KZ;WTH83000OE;;;;Warranty Document;;RANGE _STÝKER (ÜRÜN ETÝKET);;;;;
KZ;WTW85460OE;;;;;;;;;;;
KZ;WTY87780OE;;;user manuel;;Packaging Label;RANGE _STÝKER (ÜRÜN ETÝKET);;;;;
KZ;WVG30460ME;;;;;;RANGE _STÝKER (ÜRÜN ETÝKET);;;;;
KZ;WVG30460ME;;;;;;RANGE _STÝKER (ÜRÜN ETÝKET);;;;;
KZ;ZVC752ZPRU;;;;;;;;;;;
KZ;BGS5SIL66B;;;;;;;;;;;
KZ;BFL554MS0;;;user manuel;Warranty Document;;;;;;;
KZ;TAT6A117;;;user manuel;;;;;;;;
KZ;DF481162;;;;;Packaging Label;RANGE _STÝKER (ÜRÜN ETÝKET);;;;;
KZ;DF260165;;;;;;RANGE _STÝKER (ÜRÜN ETÝKET);;;;;
KZ;DHL555BL;;;;Warranty Document;;;;;;;
KZ;DWB66DM50;;;;Warranty Document;;;;;;;
KZ;DWB96DM50;;;;Warranty Document;;;;;;;
KZ;FEM553MB0;;;;Warranty Document;;;;;;;
KZ;HKQ38A150M;;;;Warranty Document;;;;;;;
KZ;KGN49LB30U;;;;Warranty Document;;;;;;;
KZ;KGN49XI30U;;;;Warranty Document;;;;;;;
KZ;PIF679FB1E;;;;Warranty Document;;;;;;;
KZ;PKB651F17;;;;Warranty Document;;;;;;;
KZ;PKF645B17;;;;Warranty Document;;;;;;;
KZ;PUC631BB1E;;;;Warranty Document;;;;;;;
KZ;SMS67NI10Q;;;;Warranty Document;;;;;;;
KZ;SMS67NW10Q;;;;Warranty Document;;;;;;;
KZ;SMV25CX10Q;;;;Warranty Document;;;;;;;
KZ;SMV46JX10Q;;;;Warranty Document;;;;;;;
KZ;WAT24441ME;;;;;;;;;;;
KZ;WAT28682ME;;;;;;;;;;;
KZ;WAT28S48ME;;;;;;;;;;;
KZ;WKD28541EU;;;;Warranty Document;;;;;;;
KZ;WTN85420ME;;;;Warranty Document;;;;;;;
KZ;WTR85V20OE;;;;Warranty Document;;;;;;;
KZ;WTN85420ME;;;;Warranty Document;;;;;;;
KZ;DWA06E652;;;;;;;;;;;
KZ;DWA06E662;;;;;;;;;;;
KZ;MCP72GPB;;;;;;;;;;;
KZ;MUZ45XTM1;;;;;;;;;;;
KZ;MUZ4EB1;;;;;;;;;;;
KZ;MUZ5CC2;;;;;;;;;;;
KZ;WTW85561OE;;;;Warranty Document;;;;;;;
KZ;SMS45DW10Q;;;;Warranty Document;;;;;;;
KZ;SMV24AX00R;;;;Warranty Document;;;;;;;
KZ;DHU636HQ;;;;;;;;;;;
KZ;HBF113BA0Q;;;;;;;;;;;
KZ;HBF113BR0Q;;;;;;;;;;;
KZ;HBF113BV0Q;;;;;;;;;;;
KZ;HBF534EB0Q;;;;;;;;;;;
KZ;HBF534EW0Q;;;;;;;;;;;
KZ;HBJ558YB0Q;;;;;;;;;;;
KZ;HBJ558YS0Q;;;;;;;;;;;
KZ;HBJ558YW0Q;;;;;;;;;;;
KZ;HGA120B20Q;;;;;;;;;;;
KZ;HGB330E20Q;;;;;;;;;;;
KZ;HGB330E50Q;;;;;;;;;;;
KZ;HGL120B50Q;;;;;;;;;;;
KZ;HKA050050Q;;;;;;;;;;;
KZ;HQA050020Q;;;;;;;;;;;
KZ;HXA050B50Q;;;;;;;;;;;
KZ;HXA050F50Q;;;;;;;;;;;
KZ;HXA060F20Q;;;;;;;;;;;
KZ;HXA060F29Q;;;;;;;;;;;
KZ;HXC39AE50Q;;;;;;;;;;;
KZ;HXC39AG20Q;;;;;;;;;;;
KZ;HXC39AG50Q;;;;;;;;;;;
KZ;HXS59AI20Q;;;;;;;;;;;
KZ;KGN49LB30U;;;;;;;;;;;
KZ;RC472304;;;;;;;;;;;
KZ;RC492304;;;;;;;;;;;
KZ;RY492304;;;;;;;;;;;
KZ;WAT28682ME;;;;;;;;;;;
KZ;MSM2650B;;;user manuel;;;;;;;;
KZ;MSM6S50B;;;user manuel;;;;;;;;
KZ;MSM6S55B;;;user manuel;;;;;;;;
KZ;MSM6S90B;;;user manuel;;;;;;;;
KZ;MSM881X2;;;user manuel;;;;;;;;
KZ;MFW3520W;;;user manuel;;;;;;;;
KZ;MFW3540W;;;user manuel;;;;;;;;
KZ;MFQ22100;;;user manuel;;;;;;;;
KZ;MFQ2420B;;;user manuel;;;;;;;;
KZ;MFQ2520B;;;user manuel;;;;;;;;
KZ;BCH3P255;;;user manuel;;;;;;;;
KZ;MC812M865;;;user manuel;;;;;;;;
KZ;MC812S844;;;user manuel;;;;;;;;
KZ;MC812W620;;;user manuel;;;;;;;;
KZ;TWK70B03;;;user manuel;;;;;;;;
KZ;PXX375FB1E;;;;Warranty Document;;;;;;;
KZ;RY492304;;;;;;;;;;;
KZ;SMI46KS00T;;;;;;;;;;;
KZ;SMI50D05TR;;;;;;;;;;;
KZ;SMS23BW00T;;;;;;;;;;;
KZ;SMS43D08ME;;;;;;;;;;;
KZ;SMS45DI10Q;;;;;;;;;;;
KZ;SMS45DW10Q;;;;;;;;;;;
KZ;SMS45IW10Q;;;;;;;;;;;
KZ;SMS46II10Q;;;;;;;;;;;
KZ;SMS46JI10Q;;;;;;;;;;;
KZ;SMS46JW10Q;;;;;;;;;;;
KZ;SMS53L02ME;;;;;;;;;;;
KZ;SMS53L08ME;;;;;;;;;;;
KZ;SMS67MI10Q;;;;;;;;;;;
KZ;SMS67NI10Q;;;;;;;;;;;
KZ;SMS67NW10Q;;;;;;;;;;;
KZ;SMS88TI03E;;;;;;;;;;;
KZ;SMV24AX00R;;;;;;;;;;;
KZ;SMV25CX10Q;;;;;;;;;;;
KZ;SMV46JX10Q;;;;;;;;;;;
KZ;SMV68MX07E;;;;;;;;;;;
KZ;SPI26MS30R;;;;;;;;;;;
KZ;SPS25CI03E;;;;;;;;;;;
KZ;SPS25CW03E;;;;;;;;;;;
KZ;SPS46IW01E;;;;;;;;;;;
KZ;SPS50E56EU;;;;;;;;;;;
KZ;SPV24CX00E;;;;;;;;;;;
KZ;SPV25CX10R;;;;;;;;;;;
KZ;SPV30E00RU;;;;;;;;;;;
KZ;SPV40E10RU;;;;;;;;;;;
KZ;SPV45DX10R;;;;;;;;;;;
KZ;SPV46IX00E;;;;;;;;;;;
KZ;SPV66TX10R;;;;;;;;;;;
KZ;TAT6A111;;;;;;;;;;;
KZ;TAT6A113;;;;;;;;;;;
KZ;TAT6A114;;;;;;;;;;;
KZ;TAT6A117;;;;;;;;;;;
KZ;TAT6A913;;;;;;;;;;;
KZ;TAT7S25;;;;;;;;;;;
KZ;TAT8611;;;;;;;;;;;
KZ;TAT8613;;;;;;;;;;;
KZ;TDA2610;;;;;;;;;;;
KZ;TDA3026110;;;;;;;;;;;
KZ;TDA5028010;;;;;;;;;;;
KZ;TDA503011P;;;;;;;;;;;
KZ;TDA703021I;;;;;;;;;;;
KZ;TDI902836A;;;;;;;;;;;
KZ;TDI903231A;;;;;;;;;;;
KZ;TDN1700P;;;;;;;;;;;
KZ;TDS373118P;;;;;;;;;;;
KZ;TDS6030;;;;;;;;;;;
KZ;TDS6150;;;;;;;;;;;
KZ;TDS6580;;;;;;;;;;;
KZ;TDS8080;;;;;;;;;;;
KZ;TES60523RW;;;;;;;;;;;
KZ;TFB4402V;;;;;;;;;;;
KZ;TFB4431V;;;;;;;;;;;
KZ;TIS30129RW;;;;;;;;;;;
KZ;TIS30321RW;;;;;;;;;;;
KZ;TIS65429RW;;;;;;;;;;;
KZ;TIS65621RW;;;;;;;;;;;
KZ;TKA6031A;;;;;;;;;;;
KZ;TKA6033;;;;;;;;;;;
KZ;TKA6A041;;;;;;;;;;;
KZ;TKA6A043;;;;;;;;;;;
KZ;TKA6A044;;;;;;;;;;;
KZ;TKA8011;;;;;;;;;;;
KZ;TKA8013;;;;;;;;;;;
KZ;TKA8633;;;;;;;;;;;
KZ;TSM6A013B;;;;;;;;;;;
KZ;TWK1201N;;;;;;;;;;;
KZ;TWK3A011;;;;;;;;;;;
KZ;TWK3A014;;;;;;;;;;;
KZ;TWK6A011;;;;;;;;;;;
KZ;TWK6A013;;;;;;;;;;;
KZ;TWK6A014;;;;;;;;;;;
KZ;TWK6A017;;;;;;;;;;;
KZ;TWK6A813;;;;;;;;;;;
KZ;TWK70B03;;;;;;;;;;;
KZ;TWK7203;;;;;;;;;;;
KZ;TWK7601;;;;;;;;;;;
KZ;TWK7801;;;;;;;;;;;
KZ;TWK7804;;;;;;;;;;;
KZ;TWK7808;;;;;;;;;;;
KZ;TWK7S05;;;;;;;;;;;
KZ;TWK8611P;;;;;;;;;;;
KZ;TWK8613P;;;;;;;;;;;
KZ;VA420010;;;;;;;;;;;
KZ;VBD554FS0;;;;;;;;;;;
KZ;VG232220;;;;;;;;;;;
KZ;VG264220;;;;;;;;;;;
KZ;VG295220;;;;;;;;;;;
KZ;VG425211;;;;;;;;;;;
KZ;VI262120;;;;;;;;;;;
KZ;VI414111;;;;;;;;;;;
KZ;VI422111;;;;;;;;;;;
KZ;VI492111;;;;;;;;;;;
KZ;VL414111;;;;;;;;;;;
KZ;VP230120;;;;;;;;;;;
KZ;VR414110;;;;;;;;;;;
KZ;VV200020;;;;;;;;;;;
KZ;WA032001;;;;;;;;;;;
KZ;WAJ20180ME;;;;;;;;;;;
KZ;WAK2022SME;;;;;;;;;;;
KZ;WAK20260ME;;;;;;;;;;;
KZ;WAK2426SME;;;;;;;;;;;
KZ;WAT24441ME;;;;;;;;;;;
KZ;WAT28461ME;;;;;;;;;;;
KZ;WAT2846XME;;;;;;;;;;;
KZ;WAT28681ME;;;;;;;;;;;
KZ;WAT28682ME;;;;;;;;;;;
KZ;WAT28S48ME;;;;;;;;;;;
KZ;WAW32560ME;;;;;;;;;;;
KZ;WAW325X0ME;;;;;;;;;;;
KZ;WAW32760ME;;;;;;;;;;;
KZ;WAY32742OE;;;;;;;;;;;
KZ;WAY32862ME;;;;;;;;;;;
KZ;WKD28541EU;;;;;;;;;;;
KZ;WM260163;;;;;;;;;;;
KZ;WOT24255OE;;;;;;;;;;;
KZ;WP400001;;;;;;;;;;;
KZ;WSP221100;;;;;;;;;;;
KZ;WSP221110;;;;;;;;;;;
KZ;WSP222110;;;;;;;;;;;
KZ;WT260101;;;;;;;;;;;
KZ;WTG8640XME;;;;;;;;;;;
KZ;WTH83000OE;;;;;;;;;;;
KZ;WTN85420ME;;;;;;;;;;;
KZ;WTR85V20OE;;;;;;;;;;;
KZ;WTW85460OE;;;;;;;;;;;
KZ;WTW85561OE;;;;;;;;;;;
KZ;WTY87780OE;;;;;;;;;;;
KZ;WTY87781OE;;;;;;;;;;;
KZ;WTZ11310;;;;;;;;;;;
KZ;WVG30460ME;;;;;;;;;;;
KZ;WZ400001;;;;;;;;;;;
KZ;ZVC752ZPRU;;;;;;;;;;;
KZ;AA210110;;;;;;;;;;;